"Ajo", 945.61, 92
"Zuccini", 89.40, 546
"Higo", 2460.81, 101
"Naranja", 21.00, 830
"Naranja", 20.70, 1110
"Ciruela", 954.27, 882
"Pomelo", 39.55, 720
"Zanahoria", 36.21, 594
"Lima", 1406.90, 204
"Repollo", 4.09, 665
"Palta", 1127.81, 420
"Lima", 1303.81, 174
"Palta", 489.22, 425
"Acelga", 18.64, 810
"Pera", 174.43, 1070
"Lima", 1350.49, 164
"Limon", 309.68, 630
"Palta", 1119.96, 468
"Lechuga", 38.27, 1071
"Limon", 326.29, 742
"Durazno", 284.59, 712
"Tomate", 732.27, 855
"Kiwi", 443.35, 328
"Naranja", 16.48, 1180
"Palta", 1160.86, 340
"Manzana", 163.58, 870
"Manzana", 139.77, 1090
"Acelga", 17.18, 864
"Tomate", 748.00, 918
"Mandarina", 29.99, 880
"Batata", 14.89, 970
"Pepino", 41.04, 515
"Palta", 460.47, 495
"Acelga", 23.60, 1026
"Mandarina", 17.99, 920
"Espárrago", 615.80, 164
"Lima", 1226.72, 230
"Tomate", 770.63, 927
"Kinoto", 24.16, 200
"Alcachofa", 135.03, 279
"Banana", 69.36, 910
"Coliflor", 26.52, 480
"Palta", 509.09, 530
"Palta", 495.00, 550
"Sandía", 56.22, 1062
"Uva", 757.59, 342
"Zuccini", 80.33, 534
"Lima", 1365.48, 164
"Frutilla", 272.02, 321
"Batata", 25.88, 910
"Acelga", 26.84, 783
"Frutilla", 280.55, 330
"Pomelo", 39.13, 819
"Durazno", 250.81, 920
"Lima", 1005.22, 240
"Pera", 147.39, 830
"Tomate", 797.81, 765
"Pomelo", 46.95, 882
"Ajo", 850.29, 117
"Calabaza", 29.21, 904
"Pepino", 40.96, 445
"Coliflor", 34.22, 600
"Rabanito", 230.25, 300
"Frutilla", 275.50, 339
"Choclo", 63.02, 351
"Acelga", 16.55, 792
"Manzana", 144.35, 1130
"Palta", 446.91, 510
"Durazno", 138.70, 656
"Sandía", 54.21, 981
"Papa", 15.79, 820
"Limon", 344.04, 819
"Banana", 71.22, 1110
"Papa", 14.30, 1130
"Naranja", 14.41, 890
"Brócoli", 364.82, 444
"Caqui", 872.49, 99
"Sandía", 54.14, 954
"Mandarina", 25.63, 830
"Manzana", 142.13, 1020
"Naranja", 11.34, 810
"Acelga", 24.16, 963
"Uva", 630.13, 306
"Batata", 21.24, 860
"Mandarina", 16.91, 960
"Caqui", 854.89, 102
"Papa", 17.37, 950
"Ciruela", 929.72, 801
"Brócoli", 376.65, 392
"Zuccini", 77.48, 480
"Ciruela", 982.65, 1062
"Zuccini", 110.55, 528
"Kinoto", 28.80, 192
"Espárrago", 637.69, 210
"Champignon", 3542.05, 98
"Batata", 23.21, 880
"Palta", 497.80, 495
"Lima", 1140.82, 190
"Higo", 2516.23, 109
"Kiwi", 442.76, 352
"Lechuga", 35.36, 1008
"Pera", 151.26, 1190
"Lima", 1341.69, 240
"Zuccini", 88.80, 486
"Repollo", 3.02, 826
"Banana", 78.39, 1020
"Cereza", 1066.69, 202
"Kiwi", 422.70, 444
"Durazno", 259.58, 904
"Naranja", 19.26, 940
"Cereza", 1017.70, 202
"Ciruela", 961.45, 1026
"Caqui", 837.82, 92
"Lechuga", 41.86, 1026
"Pepino", 39.18, 470
"Uva", 725.10, 339
"Acelga", 20.22, 981
"Coliflor", 35.12, 495
"TomCherry", 580.27, 188
"Morrón", 2890.76, 558
"Lima", 1235.11, 210
"Kinoto", 24.17, 204
"Choclo", 51.15, 318
"Morrón", 2985.01, 594
"Ciruela", 955.54, 828
"Limon", 320.14, 686
"Limon", 324.69, 630
"Rabanito", 259.27, 306
"Choclo", 53.92, 294
"Mandarina", 17.65, 1130
"Palta", 1137.49, 412
"Limon", 360.44, 819
"Calabaza", 16.62, 720
"TomCherry", 579.46, 234
"Durazno", 170.93, 944
"Manzana", 140.19, 1150
"Rabanito", 197.60, 288
"Calabaza", 26.00, 728
"Palta", 484.38, 430
"Ajo", 906.98, 93
"Frutilla", 303.50, 324
"Pomelo", 48.37, 819
"Calabaza", 20.68, 648
"Banana", 72.34, 960
"Caqui", 829.22, 91
"Cereza", 1059.04, 232
"Alcachofa", 134.72, 240
"Tomate", 774.77, 720
"Morrón", 2917.21, 684
"Frambuesa", 2095.45, 108
"Pepino", 39.40, 470
"Palta", 460.12, 525
"Durazno", 171.65, 648
"Papa", 15.63, 1160
"Acelga", 19.53, 873
"Berenjena", 56.04, 576
"Mandarina", 18.71, 870
"Pera", 137.23, 1170
"Frutilla", 299.33, 261
"Cereza", 1050.85, 230
"Kinoto", 19.42, 218
"Naranja", 8.12, 920
"Naranja", 17.37, 910
"Durazno", 249.69, 848
"Choclo", 50.37, 348
"Durazno", 183.20, 944
"Kinoto", 34.06, 186
"Cebolla", 65.46, 904
"Pera", 154.33, 800
"Palta", 523.32, 485
"Apio", 52.44, 240
"Champignon", 3665.59, 81
"Brócoli", 314.53, 416
"Coliflor", 29.93, 575
"Frambuesa", 2071.83, 120
"Repollo", 1.40, 840
"Papa", 15.31, 860
"Espárrago", 632.60, 198
"Pepino", 30.58, 495
"Melón", 109.45, 340
"Tomate", 778.55, 765
"Acelga", 25.82, 981
"Kinoto", 37.48, 232
"Apio", 65.73, 252
"Banana", 67.86, 960
"Calabaza", 18.64, 840
"Naranja", 10.49, 1030
"Alcachofa", 160.26, 321
"Sandía", 51.27, 774
"Palta", 1160.01, 480
"Pera", 145.39, 950
"Uva", 695.46, 303
"Kiwi", 399.49, 480
"Tomate", 750.32, 891
"Calabaza", 21.00, 936
"Choclo", 50.69, 255
"Brócoli", 327.82, 432
"Brócoli", 346.20, 464
"Higo", 2480.08, 108
"Berenjena", 64.94, 480
"Palta", 1164.76, 400
"TomCherry", 581.09, 212
"Sandía", 53.61, 999
"Ciruela", 1026.20, 747
"Pomelo", 42.86, 801
"Durazno", 299.52, 936
"Tomate", 718.47, 774
"Alcachofa", 177.27, 318
"Caqui", 842.46, 104
"Higo", 2494.44, 87
"Lima", 1236.65, 190
"Acelga", 23.08, 1017
"Mandarina", 11.11, 1040
"Coliflor", 15.75, 430
"Higo", 2439.08, 117
"Brócoli", 328.89, 444
"Acelga", 23.03, 1044
"Durazno", 186.82, 672
"Ciruela", 967.75, 909
"Higo", 2481.66, 97
"Papa", 19.20, 980
"Lima", 1422.45, 206
"Calabaza", 13.60, 896
"Durazno", 138.93, 920
"Alcachofa", 151.08, 327
"Champignon", 3500.57, 108
"Lima", 1046.93, 204
"Lechuga", 32.44, 765
"Batata", 27.22, 1000
"Palta", 463.61, 475
"Sandía", 63.60, 1008
"Alcachofa", 135.05, 270
"Higo", 2431.38, 83
"Lima", 1341.83, 186
"Mandarina", 22.51, 910
"Champignon", 3586.28, 117
"Sandía", 65.18, 792
"Calabaza", 20.04, 896
"Kiwi", 461.28, 364
"Mandarina", 22.96, 870
"Limon", 333.53, 623
"Uva", 723.04, 309
"Coliflor", 31.26, 565
"Cereza", 1027.98, 198
"Naranja", 8.94, 1040
"Naranja", 11.35, 1110
"Pomelo", 37.26, 999
"Uva", 711.91, 333
"Brócoli", 395.29, 320
"TomCherry", 565.35, 210
"Palta", 497.78, 580
"Palta", 456.11, 400
"Frutilla", 315.92, 273
"Papa", 20.19, 1170
"Batata", 20.88, 810
"Higo", 2504.14, 91
"Choclo", 57.38, 309
"Espárrago", 606.66, 230
"Cereza", 1030.81, 186
"Zanahoria", 37.42, 714
"Brócoli", 353.55, 364
"Tomate", 735.98, 1026
"TomCherry", 548.96, 232
"TomCherry", 563.26, 232
"Uva", 702.56, 243
"Frambuesa", 2077.25, 96
"Melón", 90.35, 376
"Naranja", 19.96, 1160
"Kinoto", 20.51, 162
"Lechuga", 33.37, 783
"Durazno", 272.83, 936
"Kiwi", 427.99, 468
"Espárrago", 621.75, 222
"Mandarina", 14.93, 1170
"Rabanito", 240.69, 288
"Cebolla", 52.07, 936
"Kinoto", 27.11, 204
"Cebolla", 67.82, 792
"Morrón", 2907.19, 714
"Espárrago", 566.67, 234
"Frambuesa", 2139.90, 84
"Berenjena", 71.18, 618
"Berenjena", 46.74, 660
"Choclo", 48.83, 261
"Lechuga", 35.98, 1008
"Sandía", 48.10, 1026
"Frutilla", 300.56, 345
"Higo", 2427.77, 114
"Mandarina", 13.07, 1180
"Zuccini", 75.04, 642
"Zuccini", 86.91, 540
"Lima", 1211.95, 228
"Mandarina", 18.26, 1160
"Calabaza", 18.50, 960
"TomCherry", 580.49, 240
"Frutilla", 305.60, 318
"Naranja", 17.66, 1050
"Pepino", 34.24, 595
"Brócoli", 333.18, 416
"Morrón", 2974.78, 684
"Palta", 492.78, 545
"Limon", 340.52, 756
"Lima", 1219.45, 162
"Palta", 1168.75, 352
"Morrón", 3017.16, 528
"Ciruela", 965.81, 801
"Limon", 310.29, 840
"TomCherry", 547.38, 174
"Mandarina", 14.45, 1150
"Durazno", 145.93, 648
"Ajo", 918.45, 83
"Durazno", 166.48, 736
"Brócoli", 387.74, 468
"Uva", 714.28, 252
"TomCherry", 535.63, 162
"Limon", 310.10, 602
"Melón", 86.62, 388
"Brócoli", 393.31, 328
"Repollo", 3.65, 791
"Durazno", 282.46, 952
"Manzana", 129.13, 1100
"Lechuga", 41.52, 1062
"Manzana", 128.29, 850
"Frutilla", 317.14, 321
"Batata", 22.45, 1060
"Brócoli", 380.15, 420
"Pepino", 36.03, 420
"Durazno", 271.21, 640
"Cereza", 1052.55, 164
"Pera", 153.79, 820
"Ciruela", 952.48, 1026
"Durazno", 154.35, 936
"Kinoto", 30.55, 196
"Cereza", 1006.48, 232
"Durazno", 273.77, 704
"Calabaza", 12.83, 904
"Pomelo", 51.08, 1008
"Mandarina", 19.35, 900
"Mandarina", 18.24, 910
"Rabanito", 235.94, 345
"Lima", 1045.44, 226
"Naranja", 12.39, 1110
"Melón", 109.17, 380
"Acelga", 17.07, 747
"Berenjena", 54.87, 696
"TomCherry", 559.78, 238
"Ajo", 872.89, 83
"Naranja", 21.09, 920
"Rabanito", 190.69, 309
"Kinoto", 32.09, 170
"Ciruela", 1000.45, 1008
"Uva", 704.96, 276
"Frutilla", 279.80, 351
"Banana", 60.21, 1160
"Lechuga", 41.36, 927
"Lechuga", 37.53, 837
"Palta", 1139.84, 456
"Cebolla", 75.86, 768
"Frambuesa", 2084.20, 100
"Cebolla", 74.35, 736
"Berenjena", 64.56, 564
"Cebolla", 76.14, 744
"Banana", 64.06, 1070
"Banana", 63.24, 1020
"Durazno", 168.01, 712
"Melón", 105.35, 404
"Lechuga", 45.96, 945
"Mandarina", 24.21, 1140
"TomCherry", 568.78, 180
"Acelga", 15.44, 747
"Pepino", 37.20, 525
"Melón", 118.26, 436
"Lima", 1326.95, 202
"Durazno", 150.96, 856
"Naranja", 10.00, 1080
"Higo", 2452.40, 85
"Brócoli", 354.92, 332
"Kinoto", 36.83, 226
"Frambuesa", 2042.53, 82
"Palta", 505.29, 560
"Lima", 1171.05, 172
"Brócoli", 361.67, 456
"Lima", 1103.22, 208
"Morrón", 2975.38, 480
"Naranja", 17.09, 940
"Cebolla", 65.88, 952
"Limon", 319.19, 581
"Pera", 167.26, 1030
"Pera", 157.22, 1090
"Pera", 165.08, 1140
"Zanahoria", 29.70, 528
"Manzana", 138.11, 930
"Higo", 2585.36, 93
"Lima", 1139.37, 204
"Pomelo", 50.80, 972
"Durazno", 155.75, 848
"Berenjena", 52.52, 492
"Alcachofa", 149.04, 360
"Naranja", 13.09, 840
"Repollo", 4.28, 707
"Pepino", 48.06, 595
"Cebolla", 53.01, 952
"Lima", 1213.74, 160
"Palta", 1194.71, 388
"Zanahoria", 31.61, 648
"Caqui", 862.04, 98
"Brócoli", 356.43, 444
"Banana", 56.62, 940
"Melón", 101.45, 344
"Durazno", 185.47, 880
"Kiwi", 415.72, 416
"Limon", 304.77, 840
"Rabanito", 193.89, 309
"Lechuga", 37.55, 810
"Tomate", 788.89, 918
"Cereza", 1003.35, 214
"Espárrago", 644.66, 164
"Ciruela", 950.23, 891
"Mandarina", 20.56, 850
"Cereza", 1031.29, 238
"Banana", 80.78, 1140
"Papa", 21.62, 1010
"Uva", 717.95, 300
"Mandarina", 25.42, 920
"Alcachofa", 154.69, 270
"Palta", 1129.01, 436
"Manzana", 137.73, 920
"Lechuga", 41.28, 774
"Caqui", 775.45, 120
"Palta", 1152.99, 408
"Durazno", 134.23, 680
"Champignon", 3490.81, 120
"Apio", 64.76, 351
"Frutilla", 297.58, 246
"Repollo", 4.83, 672
"Cebolla", 65.16, 720
"Coliflor", 31.50, 505
"Palta", 1094.33, 396
"Frutilla", 281.84, 246
"Brócoli", 336.52, 404
"Lechuga", 34.10, 927
"Repollo", 5.85, 700
"Berenjena", 48.84, 612
"Kiwi", 422.70, 320
"Durazno", 286.20, 840
"Rabanito", 228.29, 324
"Zanahoria", 33.38, 696
"Sandía", 66.07, 738
"Berenjena", 42.75, 684
"Lima", 1009.56, 218
"Higo", 2521.59, 89
"Limon", 313.80, 721
"Mandarina", 24.76, 1140
"Frambuesa", 2085.05, 92
"Coliflor", 27.76, 560
"Rabanito", 221.99, 279
"Melón", 107.00, 448
"Sandía", 58.72, 828
"Zuccini", 81.71, 528
"Naranja", 22.57, 1060
"Melón", 118.40, 448
"Papa", 5.44, 1080
"Coliflor", 25.04, 430
"Kiwi", 455.05, 348
"Mandarina", 14.43, 1160
"Lima", 1371.97, 168
"Alcachofa", 136.56, 318
"Banana", 53.69, 1170
"Mandarina", 25.28, 1160
"Papa", 14.80, 1080
"Cereza", 1035.10, 168
"Ciruela", 915.10, 855
"Tomate", 713.55, 819
"Rabanito", 205.82, 285
"TomCherry", 543.05, 228
"Naranja", 12.99, 910
"Brócoli", 330.73, 464
"Tomate", 721.21, 1062
"Frutilla", 283.91, 264
"Limon", 332.10, 784
"Batata", 11.11, 1030
"Coliflor", 28.32, 530
"Lima", 1222.01, 208
"Berenjena", 61.39, 486
"Lima", 1353.23, 190
"Pepino", 36.56, 595
"Mandarina", 25.22, 1030
"Brócoli", 368.10, 320
"Frambuesa", 2008.69, 109
"Durazno", 280.47, 816
"Pepino", 31.34, 540
"Mandarina", 22.27, 1200
"Ciruela", 1001.95, 783
"Morrón", 2897.74, 510
"Ciruela", 907.41, 963
"Choclo", 47.83, 279
"Kinoto", 38.90, 168
"Mandarina", 13.31, 910
"Champignon", 3576.27, 117
"Banana", 63.69, 940
"Calabaza", 20.38, 864
"Acelga", 17.57, 774
"Lechuga", 39.26, 963
"Berenjena", 56.12, 486
"Pomelo", 53.19, 873
"Cereza", 1111.96, 226
"Pomelo", 56.28, 1017
"Kinoto", 23.75, 204
"Caqui", 846.40, 86
"Palta", 1183.29, 376
"Melón", 104.59, 396
"Caqui", 818.27, 114
"Zuccini", 94.08, 504
"Uva", 685.42, 303
"Calabaza", 14.25, 952
"Apio", 56.80, 264
"Sandía", 59.34, 720
"Berenjena", 58.17, 600
"Tomate", 755.00, 1008
"Mandarina", 32.41, 890
"Uva", 673.01, 288
"Choclo", 56.18, 351
"Repollo", 5.30, 791
"Durazno", 159.32, 768
"Rabanito", 232.24, 279
"Mandarina", 27.55, 1090
"Higo", 2540.39, 117
"Lima", 1201.42, 200
"Palta", 1155.93, 452
"Apio", 57.72, 240
"Repollo", 4.56, 770
"Pera", 145.37, 990
"Lima", 1388.73, 176
"Lima", 1386.47, 178
"Frambuesa", 2079.76, 92
"Lima", 1366.27, 180
"Pomelo", 41.19, 1008
"Manzana", 135.28, 1000
"Morrón", 2877.06, 558
"Melón", 126.62, 400
"Mandarina", 20.59, 1100
"Durazno", 286.88, 640
"Morrón", 2852.52, 678
"Brócoli", 346.31, 380
"Ajo", 869.80, 110
"Melón", 126.01, 324
"Kinoto", 32.31, 228
"Lima", 1222.97, 234
"Morrón", 2979.36, 522
"Durazno", 176.62, 904
"Kiwi", 404.59, 404
"Pepino", 38.42, 485
"Repollo", 4.20, 777
"Palta", 520.99, 570
"Tomate", 760.33, 963
"Champignon", 3546.02, 103
"Palta", 488.32, 410
"Naranja", 11.16, 1140
"Acelga", 16.79, 1026
"Higo", 2451.53, 95
"Kiwi", 450.57, 416
"Palta", 1164.79, 396
"Manzana", 118.41, 1080
"Frambuesa", 1983.82, 115
"Calabaza", 20.76, 800
"Manzana", 142.98, 890
"Alcachofa", 118.73, 327
"Cebolla", 68.37, 736
"Cebolla", 46.50, 664
"Naranja", 15.55, 1140
"Durazno", 275.68, 672
"Pomelo", 48.59, 720
"Kinoto", 34.80, 172
"Manzana", 132.79, 990
"Acelga", 23.01, 846
"Naranja", 17.25, 940
"Lima", 1331.50, 172
"Lima", 1035.23, 178
"Caqui", 816.65, 110
"Pomelo", 52.50, 927
"Naranja", 15.84, 850
"Repollo", 6.84, 819
"Batata", 22.85, 1180
"Higo", 2409.12, 103
"Tomate", 763.50, 1080
"Naranja", 14.34, 1190
"Durazno", 150.29, 928
"Alcachofa", 156.47, 270
"Repollo", 5.92, 560
"Rabanito", 221.45, 240
"Mandarina", 24.70, 820
"Limon", 289.83, 616
"Durazno", 140.73, 744
"Berenjena", 52.81, 624
"Pomelo", 36.40, 900
"Espárrago", 635.73, 204
"Calabaza", 15.59, 872
"Caqui", 822.10, 97
"Choclo", 52.96, 249
"Cereza", 981.04, 222
"Lima", 1375.29, 166
"Pera", 144.92, 1160
"Uva", 688.24, 357
"Palta", 1125.58, 440
"Zuccini", 83.30, 534
"Palta", 1117.28, 412
"Ajo", 945.84, 97
"Lima", 1290.97, 182
"Pepino", 33.93, 535
"Limon", 302.35, 749
"Lima", 1195.69, 170
"Pera", 146.50, 1010
"Mandarina", 20.86, 1060
"Durazno", 280.53, 872
"Espárrago", 624.69, 224
"Cebolla", 70.50, 800
"Manzana", 131.42, 1110
"Caqui", 795.03, 90
"Pera", 136.92, 880
"Pomelo", 43.11, 891
"Frutilla", 316.28, 303
"Brócoli", 349.13, 396
"Papa", 26.81, 910
"Mandarina", 22.84, 1110
"Sandía", 52.01, 855
"Naranja", 4.63, 860
"Lima", 1356.29, 236
"Durazno", 123.38, 720
"Zanahoria", 35.92, 498
"Espárrago", 593.74, 186
"Apio", 64.11, 324
"Naranja", 19.01, 1110
"Melón", 114.69, 396
"Frutilla", 287.81, 243
"Lechuga", 46.11, 729
"Alcachofa", 156.14, 243
"Pera", 142.93, 940
"Kiwi", 414.04, 424
"Durazno", 136.85, 752
"Pera", 139.58, 1080
"Durazno", 270.08, 944
"Coliflor", 28.86, 595
"Cereza", 1053.67, 166
"Ajo", 943.23, 99
"Palta", 494.79, 560
"Cereza", 1038.07, 230
"Lima", 1186.64, 176
"Limon", 337.72, 602
"Naranja", 13.46, 1040
"Cebolla", 68.95, 752
"Morrón", 2954.66, 564
"Champignon", 3604.29, 82
"Palta", 1158.44, 320
"Kinoto", 39.90, 210
"Naranja", 11.43, 840
"Caqui", 815.01, 88
"Palta", 1124.94, 460
"Ajo", 919.97, 115
"Choclo", 47.78, 291
"Lima", 998.22, 174
"Palta", 486.73, 535
"Kinoto", 32.48, 162
"Banana", 69.91, 1010
"Morrón", 2928.89, 534
"Kinoto", 34.85, 206
"Kiwi", 398.22, 464
"Ciruela", 957.74, 756
"Rabanito", 204.24, 339
"Uva", 725.48, 252
"Caqui", 875.71, 99
"Papa", 21.73, 1070
"Caqui", 724.84, 83
"Higo", 2470.06, 82
"Morrón", 2920.14, 684
"Choclo", 72.67, 351
"Ajo", 868.13, 101
"TomCherry", 485.39, 170
"Brócoli", 347.44, 344
"Kiwi", 460.78, 324
"Rabanito", 224.88, 264
"Rabanito", 233.19, 258
"Palta", 493.83, 545
"Acelga", 20.61, 1071
"Melón", 102.87, 356
"Cebolla", 72.02, 680
"Ciruela", 914.85, 981
"Naranja", 8.65, 1080
"Melón", 118.30, 352
"Kinoto", 27.96, 232
"Coliflor", 26.52, 535
"Alcachofa", 145.92, 300
"Frutilla", 307.89, 297
"Repollo", 4.73, 560
"Lima", 1051.89, 238
"Papa", 19.74, 850
"Choclo", 52.37, 294
"Melón", 109.46, 480
"Banana", 57.91, 1050
"Limon", 288.38, 742
"Mandarina", 13.47, 950
"Lima", 1388.88, 198
"Cereza", 983.44, 224
"Pera", 130.20, 1100
"Melón", 99.89, 372
"Espárrago", 592.65, 224
"Brócoli", 399.11, 396
"Palta", 488.63, 580
"Mandarina", 16.50, 910
"Ciruela", 971.54, 1008
"Naranja", 19.37, 1190
"Naranja", 16.44, 1130
"Lechuga", 40.29, 720
"Limon", 339.34, 581
"Batata", 20.62, 980
"Frambuesa", 2038.01, 107
"Zanahoria", 29.88, 510
"Melón", 112.16, 396
"Coliflor", 34.32, 540
"Caqui", 792.54, 114
"Cebolla", 51.26, 800
"Rabanito", 235.58, 303
"Higo", 2432.28, 107
"Berenjena", 55.35, 666
"Pera", 144.54, 1200
"Manzana", 150.98, 1130
"Limon", 341.62, 707
"Repollo", 7.81, 651
"Morrón", 2915.22, 690
"Berenjena", 65.32, 606
"Ajo", 902.43, 115
"TomCherry", 547.62, 206
"Caqui", 888.88, 95
"Morrón", 2900.74, 570
"Lima", 1429.28, 176
"Espárrago", 628.25, 202
"Coliflor", 35.36, 440
"Tomate", 751.61, 1080
"Lima", 1401.54, 168
"Repollo", 3.69, 812
"Zuccini", 81.78, 558
"Mandarina", 24.57, 880
"Kiwi", 458.27, 448
"Cereza", 1054.07, 194
"Mandarina", 18.75, 1020
"Rabanito", 226.62, 351
"Pera", 143.22, 820
"Palta", 500.15, 410
"Pera", 153.22, 1000
"Naranja", 18.21, 1120
"Acelga", 22.88, 738
"Cebolla", 77.48, 688
"Naranja", 15.99, 1030
"Frambuesa", 2039.71, 87
"Frambuesa", 2010.74, 86
"Durazno", 135.38, 952
"Ciruela", 950.21, 756
"Ajo", 927.33, 105
"Sandía", 60.77, 783
"Naranja", 13.89, 870
"Calabaza", 17.01, 856
"Cereza", 1050.51, 220
"Calabaza", 12.06, 872
"Tomate", 735.20, 720
"Banana", 64.19, 1160
"Pomelo", 36.96, 981
"Durazno", 288.21, 728
"Frutilla", 271.09, 255
"Durazno", 152.14, 696
"Melón", 99.12, 376
"Banana", 69.96, 1120
"Apio", 58.89, 300
"Banana", 78.60, 830
"Mandarina", 12.69, 810
"Rabanito", 218.74, 354
"Batata", 26.12, 910
"Apio", 61.25, 351
"Cereza", 1022.22, 198
"Higo", 2527.77, 100
"Frambuesa", 1943.75, 105
"Espárrago", 591.49, 190
"Choclo", 43.47, 312
"Repollo", 3.25, 819
"Caqui", 837.19, 82
"Zanahoria", 35.14, 720
"Rabanito", 242.08, 360
"Batata", 24.11, 930
"Lima", 1360.38, 172
"Naranja", 19.86, 1080
"Naranja", 21.52, 1030
"Melón", 122.16, 340
"Acelga", 15.20, 954
"Repollo", 6.24, 777
"Lima", 1013.95, 220
"Espárrago", 617.73, 182
"Kiwi", 438.53, 340
"Ajo", 905.90, 99
"Berenjena", 59.04, 654
"Durazno", 242.21, 776
"Uva", 705.80, 327
"Kiwi", 444.45, 384
"Higo", 2454.26, 98
"Berenjena", 50.63, 606
"Lechuga", 40.46, 1008
"Cereza", 1031.79, 230
"Brócoli", 358.55, 400
"TomCherry", 578.91, 230
"Choclo", 45.34, 258
"Uva", 692.22, 327
"Mandarina", 16.93, 1010
"Calabaza", 20.82, 728
"Kiwi", 421.81, 420
"Lima", 1174.10, 198
"Uva", 720.84, 357
"Repollo", 5.92, 595
"Kiwi", 465.19, 436
"Lechuga", 44.27, 810
"Cereza", 1010.82, 194
"Durazno", 189.09, 768
"Lima", 984.99, 168
"Lima", 1216.06, 184
"Banana", 61.93, 900
"Morrón", 3029.32, 486
"Lima", 1405.46, 240
"Kinoto", 33.85, 174
"Brócoli", 358.22, 412
"Papa", 15.28, 1010
"Banana", 75.60, 940
"Durazno", 171.44, 960
"Higo", 2436.64, 84
"Kinoto", 35.87, 186
"Ajo", 912.09, 101
"Papa", 17.25, 1140
"Zanahoria", 41.61, 540
"Palta", 1128.37, 416
"Manzana", 129.39, 1020
"Manzana", 142.49, 860
"Berenjena", 60.31, 606
"Coliflor", 36.31, 495
"Berenjena", 60.89, 648
"Mandarina", 14.72, 1190
"Apio", 49.53, 327
"Palta", 1128.14, 344
"Batata", 21.81, 1080
"Durazno", 138.83, 656
"Cereza", 1019.29, 208
"Higo", 2453.97, 113
"Cereza", 1072.87, 224
"Naranja", 17.95, 1180
"Brócoli", 369.28, 372
"Alcachofa", 165.72, 276
"Alcachofa", 155.81, 294
"Mandarina", 23.92, 930
"Caqui", 826.52, 104
"Repollo", 3.86, 833
"Kinoto", 28.37, 216
"Zanahoria", 34.21, 666
"Lechuga", 39.33, 945
"Pomelo", 50.58, 990
"Zanahoria", 40.27, 534
"Naranja", 12.00, 880
"TomCherry", 559.88, 180
"Rabanito", 224.32, 306
"Tomate", 715.25, 729
"Batata", 17.19, 970
"Palta", 1125.61, 352
"Palta", 1095.37, 404
"Tomate", 744.32, 1044
"Naranja", 14.64, 860
"Manzana", 136.44, 870
"Acelga", 18.18, 846
"Lechuga", 46.89, 891
"Pepino", 52.27, 555
"Apio", 64.69, 303
"Frambuesa", 2021.15, 109
"Coliflor", 30.50, 490
"Morrón", 2971.70, 702
"Kinoto", 35.06, 204
"Alcachofa", 153.05, 330
"Ciruela", 968.19, 963
"Mandarina", 30.90, 1070
"Higo", 2490.51, 92
"Naranja", 15.30, 830
"Alcachofa", 134.97, 255
"Pomelo", 46.06, 1053
"Melón", 113.39, 416
"Coliflor", 33.84, 450
"Palta", 449.61, 460
"Kinoto", 39.95, 184
"Pepino", 49.42, 455
"Uva", 715.28, 303
"Kinoto", 30.99, 190
"Frutilla", 285.31, 339
"Champignon", 3578.92, 93
"Naranja", 15.05, 1010
"Papa", 19.31, 990
"Durazno", 149.27, 936
"Espárrago", 606.28, 190
"Apio", 63.47, 279
"Caqui", 785.03, 119
"Cebolla", 61.65, 920
"Mandarina", 31.45, 860
"Morrón", 2964.66, 558
"Cereza", 1019.26, 194
"Pomelo", 40.55, 1071
"Pomelo", 36.01, 1062
"Melón", 115.54, 412
"Espárrago", 651.96, 204
"Kinoto", 28.44, 196
"Ciruela", 969.73, 999
"Ciruela", 980.02, 1080
"Cebolla", 59.85, 792
"Coliflor", 29.55, 510
"Durazno", 235.49, 936
"Sandía", 61.02, 792
"Frambuesa", 2107.11, 92
"Cebolla", 61.42, 640
"Pepino", 39.00, 520
"Kiwi", 459.32, 364
"Lima", 1041.28, 232
"Palta", 487.91, 500
"Lima", 1418.84, 206
"Durazno", 166.78, 904
"Limon", 336.96, 735
"Lima", 1431.81, 182
"Kiwi", 408.41, 424
"Durazno", 259.94, 848
"Uva", 682.30, 324
"Lechuga", 42.76, 846
"Papa", 8.11, 950
"Cebolla", 65.12, 792
"Pera", 149.20, 900
"Espárrago", 612.87, 212
"TomCherry", 570.65, 182
"Apio", 54.95, 348
"Calabaza", 19.97, 952
"Berenjena", 52.89, 636
"Naranja", 12.56, 1090
"Manzana", 149.89, 800
"Palta", 478.36, 505
"Zanahoria", 41.50, 564
"Papa", 22.39, 870
"Naranja", 7.36, 820
"Kinoto", 36.84, 174
"Alcachofa", 142.39, 252
"TomCherry", 553.16, 164
"Batata", 16.62, 1000
"Mandarina", 31.68, 870
"Berenjena", 46.58, 534
"Uva", 688.56, 312
"Brócoli", 362.73, 328
"Mandarina", 21.55, 820
"Champignon", 3593.96, 108
"Kinoto", 32.68, 190
"Palta", 481.13, 435
"Mandarina", 24.03, 960
"Naranja", 18.70, 860
"Naranja", 14.14, 990
"Zuccini", 97.52, 636
"Durazno", 271.27, 800
"Manzana", 152.54, 1190
"Pomelo", 49.92, 954
"Morrón", 2911.72, 558
"Palta", 1141.28, 420
"Choclo", 50.40, 264
"Mandarina", 19.48, 1030
"Durazno", 136.54, 944
"Zuccini", 97.24, 570
"Sandía", 61.44, 792
"Naranja", 19.23, 970
"Frambuesa", 2031.10, 80
"Apio", 54.69, 261
"Coliflor", 37.81, 470
"Mandarina", 9.87, 910
"TomCherry", 565.98, 198
"Zuccini", 85.33, 654
"Lima", 994.23, 218
"Brócoli", 375.27, 320
"Durazno", 247.62, 664
"Lima", 988.42, 204
"Palta", 1164.50, 452
"Durazno", 178.21, 856
"Papa", 23.13, 990
"Zanahoria", 42.96, 666
"Repollo", 6.99, 644
"TomCherry", 559.44, 210
"Banana", 67.93, 980
"Batata", 16.16, 1160
"Tomate", 775.67, 738
"Limon", 294.71, 721
"Berenjena", 57.96, 642
"Pera", 162.73, 860
"Brócoli", 352.33, 364
"Caqui", 806.17, 82
"Morrón", 2984.14, 708
"Durazno", 270.04, 840
"Limon", 323.57, 784
"Berenjena", 56.30, 582
"Sandía", 65.24, 1026
"Melón", 105.76, 356
"Tomate", 777.07, 963
"Pepino", 39.57, 585
"Morrón", 2999.09, 504
"Kiwi", 448.75, 436
"Durazno", 148.19, 776
"Apio", 52.09, 345
"Repollo", 5.37, 560
"Tomate", 685.97, 909
"Cereza", 977.73, 218
"Champignon", 3547.61, 81
"Papa", 11.33, 870
"Palta", 1159.99, 424
"Higo", 2507.58, 113
"Cebolla", 66.02, 744
"Limon", 303.14, 770
"Banana", 55.93, 1170
"Sandía", 63.92, 738
"Limon", 315.28, 651
"Alcachofa", 126.29, 288
"Ajo", 955.75, 98
"Lima", 1398.19, 166
"Pera", 147.62, 1080
"Berenjena", 73.88, 564
"Zuccini", 84.62, 480
"Naranja", 16.40, 1120
"Cebolla", 61.48, 944
"Frutilla", 322.42, 321
"Frambuesa", 1976.39, 85
"Palta", 508.97, 535
"Pepino", 38.39, 535
"Banana", 55.36, 960
"Tomate", 748.16, 1071
"Ciruela", 941.05, 837
"Pepino", 34.50, 520
"Rabanito", 237.42, 330
"Acelga", 20.60, 1026
"Uva", 738.65, 318
"Rabanito", 251.49, 357
"Lechuga", 40.38, 729
"Lechuga", 38.93, 801
"Zanahoria", 31.73, 516
"Naranja", 12.73, 1030
"Berenjena", 54.11, 588
"Zuccini", 84.68, 522
"Kinoto", 41.30, 178
"Coliflor", 28.74, 545
"Naranja", 10.06, 830
"Ciruela", 933.80, 927
"Espárrago", 635.59, 164
"Pomelo", 48.30, 801
"Lima", 984.59, 214
"Lechuga", 33.46, 1026
"Calabaza", 20.66, 656
"Zuccini", 82.38, 558
"Acelga", 25.41, 792
"Naranja", 9.98, 1000
"Berenjena", 55.27, 558
"Papa", 13.98, 880
"Lima", 1202.29, 220
"Acelga", 24.27, 738
"Morrón", 2986.07, 702
"Kinoto", 27.98, 162
"Kinoto", 36.50, 168
"Melón", 104.06, 392
"Rabanito", 224.12, 321
"Durazno", 183.62, 728
"Naranja", 15.97, 1130
"Rabanito", 238.45, 297
"Rabanito", 225.74, 324
"Ajo", 963.55, 90
"Palta", 496.91, 590
"Champignon", 3636.18, 91
"Naranja", 15.92, 870
"Alcachofa", 138.78, 351
"Kinoto", 36.50, 230
"Lechuga", 38.94, 729
"Mandarina", 12.45, 860
"Acelga", 23.13, 819
"Rabanito", 229.66, 288
"Lima", 1364.29, 166
"Zuccini", 72.49, 516
"Durazno", 186.51, 704
"Ciruela", 943.52, 963
"Kinoto", 34.45, 176
"Lima", 1059.26, 216
"Repollo", 0.98, 665
"Morrón", 2954.43, 522
"Apio", 47.89, 312
"Lechuga", 42.60, 909
"Manzana", 139.66, 1110
"Papa", 14.03, 850
"Naranja", 7.21, 1030
"Cereza", 1062.69, 192
"Espárrago", 653.54, 230
"Coliflor", 28.39, 455
"Kinoto", 32.94, 212
"Ciruela", 956.19, 1044
"Lima", 1381.83, 166
"Cereza", 1049.42, 216
"Durazno", 280.96, 800
"Papa", 12.92, 1200
"Durazno", 170.59, 848
"Caqui", 859.52, 86
"Tomate", 720.25, 927
"Morrón", 2891.00, 540
"Ciruela", 898.00, 909
"Durazno", 254.99, 864
"Limon", 326.22, 602
"Sandía", 57.40, 927
"Uva", 698.54, 300
"Espárrago", 611.55, 168
"TomCherry", 583.34, 176
"Limon", 354.82, 616
"Sandía", 36.39, 891
"Pepino", 48.69, 520
"Palta", 528.52, 480
"Alcachofa", 141.31, 276
"Ajo", 940.65, 108
"Ciruela", 967.75, 729
"Zuccini", 81.58, 564
"Alcachofa", 132.07, 306
"Lima", 1242.27, 182
"Naranja", 20.54, 1190
"Kiwi", 447.44, 384
"Palta", 472.00, 430
"Alcachofa", 138.93, 270
"Cereza", 1076.99, 172
"Tomate", 757.33, 855
"Ciruela", 932.92, 945
"Pera", 141.78, 990
"Morrón", 2912.41, 642
"Morrón", 2830.95, 504
"Apio", 63.79, 309
"Acelga", 25.79, 792
"Manzana", 150.20, 1050
"Ajo", 951.81, 106
"Frambuesa", 1975.95, 86
"Apio", 54.59, 249
"Pera", 147.62, 1170
"Palta", 496.64, 590
"Palta", 1167.97, 344
"Limon", 333.40, 805
"Limon", 356.12, 784
"Calabaza", 21.46, 672
"Papa", 21.95, 1140
"Rabanito", 216.35, 288
"Uva", 705.20, 273
"Pomelo", 37.23, 873
"Berenjena", 60.09, 714
"Kiwi", 441.23, 440
"Zuccini", 89.30, 522
"Frutilla", 288.13, 330
"Limon", 299.01, 763
"Cereza", 1047.32, 206
"Frutilla", 310.20, 264
"Calabaza", 14.69, 864
"Durazno", 286.13, 792
"Kiwi", 435.72, 424
"Lima", 1253.00, 172
"Uva", 733.31, 270
"Kinoto", 44.88, 160
"Durazno", 252.50, 896
"Naranja", 17.40, 1150
"Caqui", 831.18, 100
"Sandía", 53.61, 1044
"Champignon", 3521.73, 96
"Ajo", 939.37, 115
"Calabaza", 25.25, 960
"Apio", 62.73, 261
"Pepino", 26.33, 415
"TomCherry", 563.55, 206
"Choclo", 65.62, 282
"Naranja", 9.83, 810
"Mandarina", 21.12, 1010
"Acelga", 26.01, 720
"Melón", 120.26, 372
"Choclo", 58.27, 324
"Zuccini", 95.95, 552
"Morrón", 3010.06, 654
"Uva", 696.09, 330
"Banana", 48.91, 900
"Coliflor", 25.56, 590
"Tomate", 755.83, 1017
"Caqui", 825.73, 106
"Berenjena", 44.04, 564
"Espárrago", 672.87, 208
"Palta", 1145.09, 448
"Palta", 1156.57, 412
"Palta", 1202.17, 404
"Acelga", 14.32, 864
"Morrón", 2898.47, 702
"Repollo", 2.10, 672
"Ciruela", 990.45, 1053
"Coliflor", 30.38, 470
"Limon", 336.08, 707
"Durazno", 263.47, 688
"Papa", 19.09, 800
"Ciruela", 944.72, 990
"Alcachofa", 153.33, 243
"Cebolla", 68.55, 920
"TomCherry", 554.85, 190
"Mandarina", 23.04, 1020
"Cebolla", 72.92, 792
"Naranja", 14.87, 890
"Higo", 2477.98, 116
"Pera", 151.73, 1200
"Mandarina", 22.29, 970
"Uva", 742.93, 261
"Acelga", 24.06, 945
"Acelga", 22.92, 999
"Choclo", 54.38, 249
"Repollo", 1.72, 728
"Berenjena", 58.20, 618
"Ciruela", 996.43, 1062
"Champignon", 3566.72, 103
"Lima", 1404.67, 188
"Kinoto", 36.00, 234
"Zuccini", 78.98, 648
"Durazno", 146.94, 920
"Lechuga", 34.88, 990
"Batata", 26.50, 1100
"Pomelo", 50.87, 927
"Kiwi", 434.17, 444
"Banana", 64.66, 920
"Lima", 1406.71, 226
"Sandía", 64.34, 1035
"Batata", 15.20, 1170
"Apio", 45.67, 252
"Acelga", 25.24, 1062
"Manzana", 139.16, 910
"Lechuga", 49.05, 747
"Sandía", 53.55, 990
"Repollo", 5.86, 581
"Uva", 708.82, 249
"Berenjena", 57.94, 606
"Durazno", 193.64, 680
"Acelga", 23.01, 936
"Mandarina", 28.00, 1170
"Alcachofa", 150.18, 315
"Morrón", 2900.83, 522
"Lima", 1006.02, 168
"Coliflor", 23.21, 525
"Lechuga", 29.84, 981
"Higo", 2494.94, 120
"Higo", 2552.14, 96
"Lima", 1346.13, 172
"Berenjena", 51.20, 684
"Champignon", 3545.84, 112
"Durazno", 155.38, 888
"Calabaza", 19.36, 680
"Naranja", 17.03, 810
"Rabanito", 229.74, 360
"Repollo", 5.09, 567
"Coliflor", 33.03, 515
"Limon", 304.47, 630
"Durazno", 142.10, 712
"Cereza", 1008.74, 218
"Lima", 1089.89, 240
"Coliflor", 29.19, 545
"Batata", 21.94, 940
"Mandarina", 27.44, 1090
"Pepino", 49.78, 515
"Lima", 1209.78, 166
"Lima", 1067.55, 228
"Mandarina", 30.37, 1140
"Apio", 65.98, 246
"Banana", 52.03, 1120
"Berenjena", 64.08, 612
"Uva", 724.02, 249
"TomCherry", 526.47, 174
"Choclo", 64.66, 342
"Frutilla", 286.47, 360
"Coliflor", 31.79, 505
"TomCherry", 560.10, 184
"Lechuga", 42.29, 774
"Ajo", 894.91, 96
"Tomate", 739.29, 846
"Sandía", 67.56, 729
"Alcachofa", 128.72, 351
"Banana", 60.99, 980
"Kiwi", 446.13, 444
"Zuccini", 86.78, 618
"Frambuesa", 2049.64, 109
"Champignon", 3584.13, 89
"Pera", 179.49, 1150
"Kinoto", 33.76, 208
"Pera", 165.67, 1000
"Lechuga", 35.90, 918
"Durazno", 130.07, 936
"Caqui", 797.51, 107
"Lima", 1370.72, 212
"Banana", 48.24, 1180
"Durazno", 280.25, 728
"Frutilla", 304.40, 303
"Ciruela", 901.88, 1062
"Zanahoria", 24.80, 714
"Mandarina", 20.88, 1020
"Palta", 470.73, 430
"Brócoli", 337.29, 440
"Pepino", 36.22, 445
"Batata", 18.06, 1180
"Palta", 496.92, 585
"Pomelo", 45.66, 918
"Acelga", 21.33, 954
"Rabanito", 202.95, 339
"Limon", 327.66, 770
"Zanahoria", 40.17, 678
"Durazno", 151.81, 648
"Naranja", 17.50, 1110
"Kiwi", 486.22, 412
"Kiwi", 453.48, 432
"Durazno", 141.11, 688
"Tomate", 754.94, 1026
"Manzana", 128.04, 1130
"Calabaza", 17.68, 720
"Limon", 325.25, 623
"Alcachofa", 166.96, 330
"Mandarina", 17.40, 1110
"Caqui", 800.56, 110
"Pomelo", 59.91, 1053
"Durazno", 295.51, 720
"Melón", 116.97, 372
"Champignon", 3653.03, 91
"Pepino", 45.64, 485
"Manzana", 145.99, 1100
"Kinoto", 29.33, 190
"Berenjena", 55.23, 594
"Lima", 1070.27, 202
"Acelga", 21.87, 981
"Naranja", 14.06, 870
"Durazno", 169.21, 872
"Brócoli", 346.34, 464
"Zanahoria", 27.19, 600
"Espárrago", 628.73, 208
"Morrón", 2923.00, 720
"Durazno", 171.63, 800
"Lima", 1238.84, 200
"Papa", 18.25, 810
"Cebolla", 70.88, 832
"Mandarina", 22.03, 940
"Lima", 1022.89, 230
"Melón", 105.15, 460
"Cebolla", 58.97, 856
"Mandarina", 25.91, 950
"Kiwi", 448.59, 388
"Higo", 2540.32, 116
"Apio", 57.95, 240
"Lechuga", 37.68, 810
"Pomelo", 44.33, 801
"Naranja", 14.90, 930
"Coliflor", 32.47, 515
"Coliflor", 30.37, 505
"Alcachofa", 152.16, 342
"Choclo", 52.68, 249
"Cebolla", 66.00, 808
"Frambuesa", 2069.54, 118
"Brócoli", 393.12, 400
"Pomelo", 49.09, 765
"Melón", 106.37, 444
"Ajo", 835.47, 85
"Mandarina", 10.55, 970
"Zuccini", 92.78, 636
"Cebolla", 71.08, 752
"Naranja", 16.91, 950
"Tomate", 760.80, 909
"Calabaza", 28.38, 696
"Repollo", 4.08, 581
"Brócoli", 339.65, 464
"Acelga", 18.83, 846
"Durazno", 282.42, 640
"Frutilla", 269.64, 252
"Choclo", 42.21, 300
"Ciruela", 934.15, 927
"Batata", 19.34, 1120
"Rabanito", 213.99, 330
"Durazno", 282.26, 720
"Pera", 132.64, 1130
"Naranja", 11.31, 1150
"Uva", 732.50, 342
"Mandarina", 17.25, 870
"Tomate", 711.72, 756
"Higo", 2452.19, 80
"Pera", 130.02, 1180
"Calabaza", 16.04, 848
"Brócoli", 349.46, 476
"Papa", 11.78, 860
"Manzana", 130.61, 900
"Manzana", 140.59, 920
"Champignon", 3627.11, 95
"Palta", 460.71, 560
"Lima", 1181.87, 186
"Calabaza", 25.31, 792
"Ajo", 901.56, 107
"Acelga", 20.53, 954
"Zuccini", 89.39, 600
"Apio", 59.04, 288
"Ajo", 899.40, 120
"Frutilla", 288.93, 240
"Repollo", 3.08, 581
"Pera", 161.94, 1090
"Frambuesa", 2103.32, 111
"Brócoli", 341.63, 460
"Coliflor", 28.09, 600
"Pomelo", 46.13, 774
"Durazno", 253.12, 816
"Cebolla", 78.73, 696
"Apio", 47.72, 357
"Acelga", 18.34, 1062
"Alcachofa", 150.61, 360
"Mandarina", 9.64, 1160
"Choclo", 34.92, 261
"Palta", 1069.97, 476
"Banana", 62.79, 1050
"Cereza", 1073.14, 204
"Coliflor", 23.03, 425
"Coliflor", 25.33, 420
"Mandarina", 11.49, 860
"Papa", 15.13, 1120
"Cereza", 1039.33, 184
"Ajo", 906.97, 101
"Frutilla", 302.08, 333
"Naranja", 26.34, 1040
"Champignon", 3743.77, 107
"Uva", 678.49, 279
"Rabanito", 217.52, 312
"Durazno", 132.85, 784
"Pepino", 47.08, 440
"Ajo", 893.63, 97
"Lima", 1001.42, 214
"Mandarina", 17.95, 1120
"Kiwi", 453.07, 340
"Lima", 1046.08, 232
"Palta", 1172.01, 324
"Banana", 69.70, 1110
"Acelga", 20.67, 792
"TomCherry", 572.87, 218
"Manzana", 149.76, 840
"Repollo", 7.72, 679
"Higo", 2509.46, 90
"Ajo", 937.43, 102
"Manzana", 146.61, 1180
"Espárrago", 637.57, 180
"Morrón", 2988.61, 558
"Mandarina", 11.67, 870
"Alcachofa", 161.20, 312
"Choclo", 65.59, 282
"Zuccini", 79.64, 702
"Apio", 53.86, 270
"Brócoli", 385.30, 396
"Kiwi", 438.49, 472
"Mandarina", 6.24, 900
"Kinoto", 36.09, 198
"Papa", 15.55, 1200
"Batata", 25.01, 1170
"Naranja", 16.48, 1080
"Repollo", 5.70, 749
"Zanahoria", 33.95, 636
"Choclo", 60.08, 246
"Ciruela", 972.55, 936
"Lima", 1406.21, 188
"Rabanito", 239.55, 357
"Manzana", 135.10, 1040
"Caqui", 803.60, 98
"Naranja", 13.38, 1060
"Naranja", 20.69, 1040
"Pomelo", 46.73, 891
"Batata", 18.37, 1000
"Pepino", 35.70, 585
"Banana", 73.77, 1000
"Mandarina", 12.01, 910
"Pepino", 34.62, 410
"Lechuga", 51.75, 1026
"Apio", 70.57, 303
"Durazno", 164.06, 752
"Pera", 129.82, 1120
"Durazno", 160.70, 720
"Repollo", 5.09, 630
"Espárrago", 603.11, 204
"Uva", 700.15, 240
"Frutilla", 260.59, 294
"Higo", 2499.81, 87
"Rabanito", 217.91, 318
"Papa", 14.44, 1050
"Mandarina", 24.82, 920
"Zuccini", 81.34, 714
"Manzana", 150.21, 1020
"Lima", 1011.16, 198
"Limon", 334.60, 609
"Repollo", 5.85, 581
"Lima", 1008.49, 216
"Naranja", 5.30, 950
"Tomate", 730.91, 855
"Higo", 2441.21, 117
"Higo", 2596.09, 118
"Morrón", 2908.90, 618
"Durazno", 157.35, 920
"Ciruela", 984.56, 828
"Mandarina", 20.79, 850
"Melón", 86.39, 448
"Zanahoria", 18.03, 510
"Pomelo", 52.08, 1080
"Tomate", 748.97, 837
"Alcachofa", 133.19, 357
"Limon", 322.29, 763
"Melón", 112.81, 440
"Calabaza", 23.57, 920
"Rabanito", 209.47, 270
"Acelga", 25.16, 990
"Frambuesa", 2087.45, 108
"Sandía", 62.68, 792
"Rabanito", 209.20, 303
"Lechuga", 46.13, 909
"Morrón", 2898.91, 606
"Limon", 326.65, 574
"Ciruela", 926.99, 999
"Tomate", 744.41, 1080
"Cebolla", 57.74, 936
"Lima", 1014.32, 202
"Brócoli", 347.68, 328
"Tomate", 765.48, 729
"Frambuesa", 1990.20, 100
"Banana", 59.05, 900
"Papa", 16.93, 1050
"Caqui", 837.31, 82
"Lechuga", 48.03, 918
"Lechuga", 39.26, 819
"Frutilla", 316.26, 360
"Limon", 308.19, 581
"Manzana", 141.01, 890
"Champignon", 3648.22, 80
"Pomelo", 46.41, 810
"Kiwi", 445.74, 376
"Durazno", 184.57, 808
"Frambuesa", 2035.48, 112
"Cebolla", 76.02, 928
"Espárrago", 648.47, 168
"Morrón", 2921.80, 546
"Caqui", 804.60, 98
"Pepino", 37.23, 485
"Frambuesa", 2020.14, 111
"Kinoto", 38.63, 180
"Zanahoria", 31.01, 498
"Alcachofa", 139.65, 354
"Manzana", 121.52, 980
"Pomelo", 52.39, 765
"Lima", 1311.85, 172
"Palta", 1144.14, 476
"Melón", 104.40, 468
"Batata", 17.47, 1090
"Durazno", 134.30, 808
"Naranja", 15.87, 830
"Champignon", 3575.20, 120
"Mandarina", 34.65, 1050
"Espárrago", 671.66, 192
"Mandarina", 25.43, 940
"Papa", 17.57, 1100
"Pera", 137.46, 850
"Manzana", 132.87, 1010
"Papa", 17.66, 1090
"Manzana", 128.63, 1130
"Champignon", 3636.83, 110
"Zanahoria", 30.40, 600
"Champignon", 3559.41, 117
"Ajo", 898.31, 97
"Caqui", 829.64, 111
"Limon", 321.02, 707
"Naranja", 20.72, 860
"Naranja", 12.44, 840
"Naranja", 14.05, 800
"Naranja", 13.86, 830
"Pepino", 27.94, 550
"Champignon", 3615.02, 116
"Kinoto", 34.45, 218
"Kinoto", 38.86, 180
"Berenjena", 57.44, 624
"Pepino", 32.46, 460
"Rabanito", 220.57, 294
"Coliflor", 31.77, 450
"Calabaza", 20.89, 888
"Pera", 167.32, 1020
"Palta", 472.83, 475
"Cebolla", 78.93, 888
"Pomelo", 36.59, 954
"Espárrago", 640.81, 236
"Lima", 1013.55, 212
"Frambuesa", 1943.42, 82
"Manzana", 155.64, 1080
"Apio", 42.14, 279
"Berenjena", 54.88, 564
"Champignon", 3544.35, 107
"Mandarina", 17.86, 1180
"Mandarina", 25.48, 900
"Kinoto", 25.73, 220
"Limon", 351.60, 756
"Acelga", 20.69, 1017
"Zanahoria", 29.55, 546
"Melón", 109.23, 420
"Tomate", 739.12, 900
"Acelga", 20.94, 837
"Sandía", 52.95, 1008
"Pera", 144.23, 1020
"Higo", 2476.83, 113
"Limon", 333.75, 721
"Coliflor", 32.29, 490
"Mandarina", 14.73, 960
"Ciruela", 949.71, 1053
"Limon", 319.08, 616
"Limon", 307.53, 609
"Mandarina", 21.21, 830
"Ajo", 925.33, 111
"Tomate", 760.75, 783
"Banana", 65.20, 1160
"Acelga", 23.83, 828
"Kinoto", 34.49, 190
"Limon", 358.32, 840
"Acelga", 19.29, 774
"Higo", 2417.97, 97
"Espárrago", 622.72, 186
"Palta", 1174.44, 476
"Ajo", 901.23, 100
"Batata", 13.09, 1180
"Lechuga", 26.59, 1062
"Pomelo", 40.41, 873
"Uva", 711.56, 252
"Sandía", 67.94, 747
"Pepino", 38.97, 460
"Manzana", 143.00, 1080
"Apio", 51.94, 270
"Sandía", 57.25, 1026
"Calabaza", 17.35, 808
"Pomelo", 45.66, 756
"Pera", 168.94, 870
"Apio", 40.27, 354
"Acelga", 20.01, 810
"Pepino", 28.87, 475
"Rabanito", 215.31, 312
"Sandía", 72.72, 981
"Melón", 98.24, 436
"Manzana", 140.28, 980
"Tomate", 759.26, 972
"Berenjena", 50.17, 702
"Pomelo", 48.45, 864
"Kinoto", 25.97, 184
"Zuccini", 75.12, 492
"Brócoli", 335.65, 468
"Mandarina", 21.87, 1110
"Durazno", 251.34, 800
"Pomelo", 55.23, 1062
"Ajo", 928.00, 116
"Champignon", 3513.25, 93
"Cereza", 1056.16, 172
"Zuccini", 68.49, 498
"Batata", 16.92, 1110
"Kinoto", 35.42, 186
"Coliflor", 40.98, 440
"Palta", 494.58, 585
"Mandarina", 18.38, 1050
"Durazno", 147.41, 912
"Papa", 19.73, 910
"Lima", 1359.59, 162
"Champignon", 3518.07, 97
"Acelga", 16.76, 909
"Morrón", 2970.88, 642
"Durazno", 168.45, 904
"Manzana", 120.20, 1030
"Lechuga", 28.75, 1008
"Acelga", 17.29, 765
"Rabanito", 210.78, 255
"Zanahoria", 31.52, 708
"Repollo", 7.02, 623
"Manzana", 138.66, 1190
"Palta", 1108.53, 380
"Champignon", 3502.13, 114
"Durazno", 161.64, 672
"Repollo", 7.05, 770
"Melón", 107.53, 412
"TomCherry", 550.63, 202
"Frutilla", 286.92, 357
"Sandía", 64.30, 729
"Espárrago", 617.45, 216
"Lima", 1043.97, 238
"Frambuesa", 2029.28, 92
"Cebolla", 67.60, 776
"Manzana", 137.60, 1180
"Mandarina", 29.37, 1120
"Lima", 1009.36, 182
"Durazno", 174.72, 712
"Palta", 461.62, 560
"Caqui", 814.83, 110
"Manzana", 148.20, 1180
"Lima", 1230.57, 230
"Coliflor", 26.02, 470
"Kinoto", 38.56, 188
"Banana", 69.18, 1200
"Lima", 1264.20, 200
"Calabaza", 24.85, 864
"Pera", 153.88, 1070
"Repollo", 5.40, 826
"Palta", 1135.90, 468
"Coliflor", 32.39, 595
"Durazno", 184.59, 800
"Berenjena", 50.05, 594
"Cebolla", 65.77, 912
"Coliflor", 41.39, 490
"Manzana", 138.95, 830
"Frutilla", 271.93, 282
"Ajo", 920.42, 108
"Ajo", 917.35, 112
"Melón", 100.03, 324
"Ajo", 912.97, 83
"Zuccini", 92.85, 666
"Calabaza", 22.95, 880
"Espárrago", 609.20, 172
"Calabaza", 15.43, 944
"Limon", 327.18, 665
"Calabaza", 18.29, 648
"TomCherry", 570.66, 206
"Caqui", 874.41, 86
"Batata", 19.20, 1140
"Brócoli", 337.47, 344
"Naranja", 18.14, 900
"Berenjena", 39.10, 672
"Kinoto", 34.76, 198
"Naranja", 8.68, 1060
"Sandía", 62.13, 963
"Rabanito", 246.67, 303
"Cereza", 1023.31, 222
"Espárrago", 646.85, 212
"Repollo", 6.48, 756
"Brócoli", 358.93, 436
"Durazno", 145.43, 784
"Mandarina", 16.27, 930
"Pera", 140.79, 1040
"Berenjena", 54.63, 696
"Durazno", 157.07, 680
"Mandarina", 18.89, 870
"Sandía", 64.85, 783
"Mandarina", 28.13, 880
"Manzana", 164.41, 1140
"Lima", 1353.75, 210
"Lechuga", 40.83, 1062
"Banana", 63.18, 1110
"Tomate", 766.38, 1044
"Choclo", 53.57, 285
"Naranja", 3.46, 850
"Naranja", 10.89, 1110
"Pomelo", 53.33, 945
"Melón", 99.64, 340
"Lima", 1229.29, 224
"Berenjena", 57.71, 570
"Kiwi", 398.30, 468
"Zuccini", 84.77, 570
"Banana", 62.01, 870
"Repollo", 9.14, 770
"Lima", 1391.49, 222
"Mandarina", 12.98, 1160
"Palta", 505.75, 580
"Lima", 1009.29, 170
"TomCherry", 522.13, 212
"Calabaza", 21.18, 880
"TomCherry", 516.97, 198
"Naranja", 9.05, 900
"Pepino", 37.55, 600
"Acelga", 17.14, 1017
"Berenjena", 66.92, 486
"Lima", 1024.80, 236
"Frutilla", 299.45, 327
"Pera", 142.70, 1070
"Acelga", 12.80, 720
"Rabanito", 224.54, 351
"Caqui", 849.31, 119
"TomCherry", 570.73, 240
"Berenjena", 53.20, 612
"Palta", 1132.79, 368
"Mandarina", 18.47, 1180
"Ciruela", 966.52, 774
"Mandarina", 19.63, 1010
"Cebolla", 61.76, 744
"Choclo", 57.81, 282
"Pera", 118.07, 1160
"Pera", 156.08, 1130
"Brócoli", 377.88, 452
"Melón", 113.08, 380
"Apio", 62.56, 243
"Berenjena", 51.46, 492
"Mandarina", 19.86, 1130
"Uva", 643.64, 330
"Limon", 308.10, 833
"Repollo", 7.81, 798
"Rabanito", 202.90, 288
"Cebolla", 62.72, 792
"Banana", 54.46, 1090
"Manzana", 143.88, 1110
"Batata", 17.72, 1130
"Pomelo", 41.13, 1017
"Frutilla", 280.78, 360
"Espárrago", 634.52, 182
"Frutilla", 284.08, 252
"Sandía", 62.04, 882
"Cebolla", 55.41, 960
"Durazno", 127.29, 640
"Uva", 677.09, 246
"Papa", 13.49, 1170
"Caqui", 801.96, 98
"Morrón", 2956.54, 618
"Mandarina", 9.82, 830
"Calabaza", 27.78, 760
"Lechuga", 37.14, 774
"Repollo", 5.99, 714
"Acelga", 19.08, 846
"Apio", 50.34, 288
"Rabanito", 215.35, 282
"Lima", 1129.48, 220
"Lima", 998.30, 210
"Espárrago", 592.73, 228
"Choclo", 51.62, 291
"Pomelo", 45.50, 729
"Lima", 1361.32, 226
"Repollo", 6.34, 714
"Berenjena", 55.36, 522
"Pomelo", 46.53, 747
"Manzana", 150.86, 840
"Melón", 112.33, 380
"Brócoli", 347.37, 440
"Kiwi", 416.73, 432
"Cebolla", 66.78, 752
"Durazno", 149.05, 888
"Pepino", 39.06, 595
"Palta", 496.08, 465
"Banana", 66.39, 1190
"Rabanito", 223.62, 306
"Tomate", 725.75, 738
"Rabanito", 268.87, 321
"Acelga", 15.34, 792
"Lima", 1393.92, 206
"Lima", 1326.69, 234
"Pomelo", 27.05, 756
"Coliflor", 31.77, 440
"Palta", 449.51, 445
"Calabaza", 26.05, 872
"Berenjena", 47.97, 510
"Espárrago", 604.04, 202
"Calabaza", 22.64, 920
"Frutilla", 291.67, 267
"Melón", 112.68, 420
"Champignon", 3486.65, 88
"Caqui", 836.53, 91
"Uva", 684.63, 246
"Apio", 68.97, 300
"Durazno", 272.10, 688
"Kiwi", 457.39, 412
"Naranja", 11.13, 850
"Rabanito", 211.58, 282
"Durazno", 135.38, 664
"Zuccini", 63.46, 552
"Champignon", 3654.80, 103
"Champignon", 3651.86, 81
"Mandarina", 12.46, 880
"Repollo", 5.20, 805
"Durazno", 172.75, 832
"Berenjena", 50.58, 570
"Rabanito", 230.69, 273
"Caqui", 854.07, 83
"Durazno", 158.94, 904
"Durazno", 171.93, 728
"Choclo", 46.06, 342
"Lima", 1040.15, 236
"Frambuesa", 2089.65, 108
"Morrón", 2891.23, 636
"Espárrago", 599.70, 168
"Alcachofa", 130.26, 270
"Lechuga", 46.89, 954
"Naranja", 9.14, 1010
"Choclo", 47.05, 246
"Naranja", 11.83, 1160
"Lima", 1382.64, 184
"Coliflor", 42.88, 480
"Palta", 1067.50, 352
"Manzana", 119.55, 840
"Lima", 1232.60, 212
"Zuccini", 88.12, 654
"Ajo", 942.50, 98
"Brócoli", 361.39, 344
"Alcachofa", 141.55, 258
"Durazno", 269.91, 904
"Manzana", 126.66, 1110
"Kiwi", 397.58, 344
"Mandarina", 21.71, 900
"Tomate", 760.52, 855
"Zuccini", 80.47, 660
"Zuccini", 83.32, 636
"Pepino", 38.95, 560
"Caqui", 784.46, 97
"Alcachofa", 126.96, 300
"Lima", 1266.16, 208
"Repollo", 6.30, 672
"Limon", 293.99, 763
"Durazno", 164.83, 840
"Morrón", 3015.38, 570
"Pera", 160.32, 990
"Apio", 48.46, 342
"Naranja", 16.97, 1130
"Cebolla", 74.44, 688
"Calabaza", 20.39, 872
"Ajo", 927.39, 95
"Acelga", 17.42, 1008
"Limon", 326.38, 567
"Uva", 644.70, 255
"Palta", 1179.18, 412
"Coliflor", 23.47, 570
"Cebolla", 66.56, 680
"Ciruela", 930.12, 972
"Durazno", 202.05, 928
"Pera", 140.99, 940
"Cereza", 1078.03, 206
"Sandía", 73.97, 1053
"Frambuesa", 2122.29, 108
"Frutilla", 296.69, 264
"Manzana", 132.18, 930
"Brócoli", 334.88, 332
"Palta", 1140.59, 440
"TomCherry", 533.15, 214
"Durazno", 133.09, 704
"Lima", 1039.40, 238
"Champignon", 3603.88, 86
